{
    "train_loss": [
        0.6393146602579461,
        0.2710113940080406,
        0.20582360373237352,
        0.19555792292180368,
        0.14897205724545673,
        0.14150912433376575,
        0.12096298473607865,
        0.12358145689220171,
        0.10096334720000046,
        0.08011043444421923,
        0.08831541592645525,
        0.05291901256566589,
        0.040405775707827385,
        0.0723452483685956,
        0.0947444920370839,
        0.06188415738764491,
        0.0665430429215114,
        0.08919831767089319,
        0.06311188292791284,
        0.04115893819148522,
        0.025229781370468607
    ],
    "train_acc": [
        0.7779171894604768,
        0.9040150564617315,
        0.9278544542032622,
        0.9360100376411543,
        0.944792973651192,
        0.9560853199498118,
        0.958594730238394,
        0.9642409033877039,
        0.9642409033877039,
        0.9749058971141782,
        0.9692597239648683,
        0.9830614805520702,
        0.9855708908406524,
        0.9780426599749059,
        0.9717691342534505,
        0.9774153074027604,
        0.9780426599749059,
        0.9717691342534505,
        0.9780426599749059,
        0.9887076537013801,
        0.9918444165621079
    ],
    "val_loss": [
        0.27929075933992864,
        0.18617059733718633,
        0.10812453361228108,
        0.11963997483253479,
        0.15082237942144275,
        0.14856774849817156,
        0.1890123176947236,
        0.10139759027864784,
        0.19702507300768046,
        0.12766889097663806,
        0.08682470847852528,
        0.10817022786010057,
        0.0685817423358094,
        0.13932683173567056,
        0.09949741771561094,
        0.1182232465565903,
        0.22211020518559962,
        0.21243325726129114,
        0.07718595448706765,
        0.13325546783395112,
        0.10288770463317633
    ],
    "val_acc": [
        0.905,
        0.93,
        0.9725,
        0.96,
        0.965,
        0.95,
        0.935,
        0.965,
        0.9625,
        0.9675,
        0.975,
        0.965,
        0.9725,
        0.9625,
        0.965,
        0.9575,
        0.95,
        0.93,
        0.975,
        0.955,
        0.97
    ]
}